{"cameraMode":{"drawMode":0,"name":"Shaded","section":"Shading Mode"},"sceneLighting":false,"audioPlay":false,"sceneViewState":{"m_AlwaysRefresh":false,"showFog":false,"showSkybox":false,"showFlares":false,"showImageEffects":false,"showParticleSystems":false,"showVisualEffectGraphs":true,"m_FxEnabled":true},"in2DMode":false,"pivot":{"x":-0.0014470815658569337,"y":0.7769442796707153,"z":0.15806874632835389},"rotation":{"x":-0.09402076154947281,"y":-0.8703799247741699,"z":0.18277646601200105,"w":-0.4475029706954956},"size":1.559484601020813,"orthographic":false}